[
  {
    "name": "Bear Notes",
    "description": "Quick note taking application on Mac for writing down instant thoughts",
    "link": "https://bear.app/",
    "icon": "https://blog.bear.app/wp-content/uploads/2018/10/bear-icon.png",
    "tag": "Productivity"
  },
  {
    "name": "Cloudflare",
    "description": "Place for all my domains on the internet",
    "link": "https://cloudflare.com",
    "icon": "",
    "tag": "Webdev"
  },
  {
    "name": "Vercel",
    "description": "Hosts frontend of projects including this website",
    "link": "https://vercel.com/",
    "icon": "",
    "tag": ""
  },
  {
    "name": "GitHub",
    "description": "Code hosting for all projects",
    "link": "https://github.com/",
    "icon": "https://upload.wikimedia.org/wikipedia/commons/thumb/9/91/Octicons-mark-github.svg/2048px-Octicons-mark-github.svg.png",
    "tag": "Webdev"
  },
  {
    "name": "iTerm",
    "description": "A definitely more functional terminal for Mac",
    "link": "https://iterm2.com/",
    "icon": "https://icons.iconarchive.com/icons/froyoshark/enkel/256/iTerm-icon.png",
    "tag": "Productivity"
  },
  {
    "name": "Figma",
    "description": "Design tool for all design artifacts and social media handles",
    "link": "https://www.figma.com/",
    "icon": "https://upload.wikimedia.org/wikipedia/commons/3/33/Figma-logo.svg",
    "tag": "Graphic Design"
  }
]
